Title                  , Start date, End date  , Location         , Continent    , website
Winter Festival        , 2025-01-15, 2025-01-15, Snowy Mountain   , North America, www.winterfest.ca
Spring Art Exhibit     , 2025-03-22, 2025-03-22, City Gallery     , North America, www.citygallery.com
Summer Music Fest      , 2025-06-10, 2025-06-10, Beach Park       , Oceania      , www.summerfest.au
Autumn Harvest Fair    , 2025-09-05, 2025-09-05, Green Valley     , Europe       , www.harvestfair.fr
Holiday Market         , 2025-12-24, 2025-12-24, Downtown         , Europe       , www.holidaymarket.de
Valentine's Celebration, 2026-02-14, 2026-02-14, Sunset Beach     , South America, www.valentinecelebration.br
Spring Gardening Day   , 2026-04-01, 2026-04-01, Community Center , Asia         , www.gardeningday.jp
Annual Science Fair    , 2026-07-19, 2026-07-19, Innovation Hub   , Africa       , www.sciencefair.co.za
Tech Conference        , 2026-11-11, 2026-11-11, Convention Center, Europe       , www.techconfuk.co.uk
Culture and Coffee Week, 2026-05-08, 2026-05-08, Local Cafe       , Europe       , www.culturecoffeweek.it
